ID_H1,_FeH,_Age,_vLSR,_Ldeg,_Bdeg,R_gc,_R_G,sig_v,amr_x,amr_y,amr_bin_center,amr_med_age,amr_dAge,flag_young,kin_vfit,kin_resid,kin_sigma,kin_z,flag_kin_lenient,flag_kin_strict,flag_accreted_lenient,flag_accreted_strict
NGC 104,-0.76,12.8,-26.7,305.89,-44.89,7.4,7.4,11.0,-0.76,12.8,-0.73,12.7,0.10000000000000142,False,97.21209671257789,-123.91209671257789,125.29403128250387,-0.9889704676609049,False,False,False,False
NGC 288,-1.32,12.2,-51.9,152.3,-89.38,12.0,12.0,2.9,-1.32,12.2,-1.33,11.6,0.5999999999999996,False,-67.33590983365085,15.435909833650847,125.29403128250387,0.12319748734755832,False,False,False,False
NGC 362,-1.26,10.0,214.0,301.53,-46.25,9.4,9.4,6.4,-1.26,10.0,-1.33,11.6,-1.5999999999999996,True,102.04115461865537,111.95884538134463,125.29403128250387,0.8935688654546359,False,False,False,False
Whiting 1,,,-138.1,161.22,-60.76,34.5,34.5,,,,,,,False,-50.145379332045316,-87.95462066795469,125.29403128250387,-0.7019857192529867,False,False,False,False
NGC 1261,-1.08,10.24,54.9,270.54,-52.12,18.1,18.1,,-1.08,10.24,-1.13,11.05,-0.8100000000000005,False,117.30303854418725,-62.40303854418725,125.29403128250387,-0.4980527636107854,False,False,False,False
Pal 1,,,-76.2,130.06,19.03,17.2,17.2,,,,,,,False,-102.86293855411675,26.66293855411675,125.29403128250387,0.21280294265573668,False,False,False,False
AM 1,,,101.3,258.34,-48.47,124.6,124.6,,,,,,,False,113.60612805588083,-12.306128055880833,125.29403128250387,-0.09821799115182009,False,False,False,False
Eridanus,,,-39.1,218.1,-41.33,95.0,95.0,,,,,,,False,65.92213692146966,-105.02213692146967,125.29403128250387,-0.8382054264394558,False,False,False,False
Pal 2,,,-140.1,170.53,-9.07,35.0,35.0,,,,,,,False,-31.056036468680333,-109.04396353131966,125.29403128250387,-0.8703045341837176,False,False,False,False
NGC 1851,-1.13,7.64,303.8,244.51,-35.03,16.6,16.6,10.4,-1.13,7.64,-1.13,11.05,-3.410000000000001,True,102.933404910446,200.866595089554,125.29403128250387,1.603161723136313,True,False,True,False
NGC 1904,-1.58,12.0,189.0,227.23,-29.35,18.8,18.8,5.3,-1.58,12.0,-1.5299999999999998,12.5,-0.5,False,80.87770253130898,108.12229746869102,125.29403128250387,0.8629485088950863,False,False,False,False
NGC 2298,-1.98,12.4,132.0,245.63,-16.0,15.8,15.8,,-1.98,12.4,-1.93,13.1,-0.6999999999999993,False,104.04225575953785,27.957744240462148,125.29403128250387,0.22313707967002083,False,False,False,False
NGC 2419,,,-25.2,180.37,25.24,89.9,89.9,4.0,,,,,,False,-10.15631500734045,-15.04368499265955,125.29403128250387,-0.12006705218654944,False,False,False,False
Ko 2,,,,195.12,25.54,41.9,41.9,,,,,,,False,,,,,False,False,False,False
Pyxis,,,20.7,261.32,7.0,41.4,41.4,,,,,,,False,115.01590034168593,-94.31590034168593,125.29403128250387,-0.7527565309877315,False,False,False,False
NGC 2808,-1.18,11.2,89.2,282.19,-11.25,11.1,11.1,13.4,-1.18,11.2,-1.13,11.05,0.14999999999999858,False,115.65937011046991,-26.459370110469905,125.29403128250387,-0.2111782168682181,False,False,False,False
E 3,,,,292.27,-19.02,9.1,9.1,,,,,,,False,,,,,False,False,False,False
Pal 3,,,75.9,240.15,41.86,95.7,95.7,,,,,,,False,98.2266429694891,-22.3266429694891,125.29403128250387,-0.1781939869038822,False,False,False,False
NGC 3201,-1.51,11.1,482.9,277.23,8.64,8.8,8.8,5.0,-1.51,11.1,-1.5299999999999998,12.5,-1.4000000000000004,False,116.97765882468556,365.9223411753144,125.29403128250387,2.9205089614385487,True,True,False,False
Pal 4,,,76.6,202.31,71.8,111.2,111.2,,,,,,,False,36.03315946370787,40.566840536292126,125.29403128250387,0.3237731288637762,False,False,False,False
Ko 1,,,,260.99,70.75,49.3,49.3,,,,,,,False,,,,,False,False,False,False
NGC 4147,,,186.1,252.85,77.19,21.4,21.4,2.6,,,,,,False,110.16959802112846,75.93040197887153,125.29403128250387,0.6060177105138327,False,False,False,False
NGC 4372,,,64.2,300.99,-9.88,7.1,7.1,,,,,,,False,102.59649480904106,-38.39649480904106,125.29403128250387,-0.3064511087720327,False,False,False,False
Rup 106,,,-49.7,300.88,11.67,18.5,18.5,,,,,,,False,102.70844503231069,-152.40844503231068,125.29403128250387,-1.2164062682975791,False,False,False,False
NGC 4590,-2.27,12.7,-96.8,299.63,36.05,10.2,10.2,2.5,-2.27,12.7,-2.3305,13.6,-0.9000000000000004,False,103.95251245518493,-200.75251245518493,125.29403128250387,-1.602251203830634,True,False,False,False
NGC 4833,-1.71,12.5,192.9,303.6,-8.02,7.0,7.0,,-1.71,12.5,-1.73,12.5,0.0,False,99.82437207334688,93.07562792665313,125.29403128250387,0.7428576363449666,False,False,False,False
NGC 5024,-1.86,12.7,-56.2,332.96,79.76,18.4,18.4,4.4,-1.86,12.7,-1.93,13.1,-0.40000000000000036,False,55.284777989966024,-111.48477798996603,125.29403128250387,-0.8897852263895817,False,False,False,False
NGC 5053,-1.98,12.3,50.9,335.7,78.95,17.8,17.8,1.4,-1.98,12.3,-1.93,13.1,-0.7999999999999989,False,50.11264404368065,0.7873559563193453,125.29403128250387,0.006284065954778583,False,False,False,False
NGC 5139,,,228.9,309.1,14.97,6.4,6.4,16.8,,,,,,False,93.27541653420987,135.62458346579012,125.29403128250387,1.082450473318986,False,False,False,False
NGC 5272,-1.34,11.4,-138.3,42.22,78.71,12.0,12.0,5.5,-1.34,11.4,-1.33,11.6,-0.1999999999999993,False,-83.74423469205082,-54.55576530794919,125.29403128250387,-0.43542190118331187,False,False,False,False
NGC 5286,-1.41,12.5,54.3,311.61,10.57,8.9,8.9,8.1,-1.41,12.5,-1.33,11.6,0.9000000000000004,False,89.98079458642844,-35.68079458642845,125.29403128250387,-0.28477649111614894,False,False,False,False
AM 4,,,,320.28,33.51,27.8,27.8,,,,,,,False,,,,,False,False,False,False
NGC 5466,-2.2,13.6,121.2,42.15,73.59,16.3,16.3,1.7,-2.2,13.6,-2.13,13.399999999999999,0.20000000000000107,False,-83.62864330838214,204.82864330838214,125.29403128250387,1.6347837260224265,True,False,False,False
NGC 5634,,,-37.5,342.21,49.26,21.2,21.2,,,,,,,False,37.337276175881186,-74.83727617588119,125.29403128250387,-0.597293226260264,False,False,False,False
NGC 5694,,,-136.2,331.06,30.36,29.4,29.4,5.8,,,,,,False,58.79050490055929,-194.99050490055927,125.29403128250387,-1.55626331840907,True,False,False,False
IC 4499,,,24.1,307.35,-20.47,15.7,15.7,2.5,,,,,,False,95.46078797130312,-71.36078797130313,125.29403128250387,-0.5695465876614985,False,False,False,False
NGC 5824,,,-23.8,332.56,22.07,25.9,25.9,11.6,,,,,,False,56.028502503936885,-79.82850250393689,125.29403128250387,-0.6371293323936987,False,False,False,False
Pal 5,,,-48.0,0.85,45.86,18.6,18.6,1.1,,,,,,False,-1.6973777737864428,-46.30262222621356,125.29403128250387,-0.36955169972792856,False,False,False,False
NGC 5897,-1.73,12.3,108.4,342.95,30.29,7.4,7.4,,-1.73,12.3,-1.73,12.5,-0.1999999999999993,False,35.847029506146875,72.55297049385314,125.29403128250387,0.5790616659964111,False,False,False,False
NGC 5904,-1.33,11.5,64.3,3.86,46.8,6.2,6.2,5.5,-1.33,11.5,-1.33,11.6,-0.09999999999999964,False,-8.147492523151959,72.44749252315195,125.29403128250387,0.5782198224574849,False,False,False,False
NGC 5927,-0.64,12.7,-107.2,326.6,4.86,4.6,4.6,,-0.64,12.7,-0.73,12.7,0.0,False,66.73573132753712,-173.93573132753713,125.29403128250387,-1.3882204088027106,False,False,False,False
NGC 5946,,,128.9,327.58,4.19,5.8,5.8,4.0,,,,,,False,65.02573868183424,63.874261318165765,125.29403128250387,0.5097949252997274,False,False,False,False
BH 176,,,,328.41,4.34,12.9,12.9,,,,,,,False,,,,,False,False,False,False
NGC 5986,-1.35,12.2,92.9,337.02,13.27,4.8,4.8,,-1.35,12.2,-1.33,11.6,0.5999999999999996,False,47.5749043237085,45.325095676291504,125.29403128250387,0.36174983925687393,False,False,False,False
Lynga 7,,,8.0,328.77,-2.8,4.3,4.3,,,,,,,False,62.921664268261985,-54.921664268261985,125.29403128250387,-0.4383422235367989,False,False,False,False
Pal 14,,,87.0,28.74,42.19,71.6,71.6,0.4,,,,,,False,-59.54264512432118,146.54264512432118,125.29403128250387,1.1695899926302753,False,False,False,False
NGC 6093,-1.47,12.5,16.7,352.67,19.46,3.8,3.8,12.4,-1.47,12.5,-1.5299999999999998,12.5,0.0,False,15.728366697747385,0.9716333022526147,125.29403128250387,0.0077548251285956835,False,False,False,False
NGC 6121,-1.98,13.1,78.6,350.97,15.97,5.9,5.9,4.0,-1.98,13.1,-1.93,13.1,0.0,False,19.307500928577348,59.29249907142265,125.29403128250387,0.4732268446031099,False,False,False,False
NGC 6101,-1.76,12.5,357.0,317.74,-15.82,11.2,11.2,,-1.76,12.5,-1.73,12.5,0.0,False,81.17873297741293,275.82126702258705,125.29403128250387,2.201391911484477,True,True,False,False
NGC 6144,-1.56,13.8,201.9,351.93,15.7,2.7,2.7,,-1.56,13.8,-1.5299999999999998,12.5,1.3000000000000007,False,17.288815755862117,184.6111842441379,125.29403128250387,1.4734236128765785,False,False,False,False
NGC 6139,-1.58,11.6,11.5,342.37,6.94,3.6,3.6,,-1.58,11.6,-1.5299999999999998,12.5,-0.9000000000000004,False,37.01565639023869,-25.51565639023869,125.29403128250387,-0.2036462242379914,False,False,False,False
Terzan 3,,,-130.6,345.08,9.19,2.5,2.5,,,,,,,False,31.519993740026038,-162.11999374002602,125.29403128250387,-1.2939163348850167,False,False,False,False
NGC 6171,-1.03,13.4,-23.0,3.37,23.01,3.3,3.3,4.1,-1.03,13.4,-1.13,11.05,2.3499999999999996,False,-7.097517959140211,-15.90248204085979,125.29403128250387,-0.1269213056526534,False,False,False,False
1636-283,,,,351.91,12.1,2.1,2.1,,,,,,,False,,,,,False,False,False,False
NGC 6205,-1.33,11.7,-228.0,59.01,40.91,8.4,8.4,7.1,-1.33,11.7,-1.33,11.6,0.09999999999999964,False,-107.72145340740508,-120.27854659259492,125.29403128250387,-0.9599702823943752,False,False,False,False
NGC 6229,,,-138.4,73.64,40.31,29.8,29.8,,,,,,,False,-121.55586022978902,-16.844139770210987,125.29403128250387,-0.13443688895468647,False,False,False,False
NGC 6218,-1.43,13.4,-27.9,15.72,26.31,4.5,4.5,4.5,-1.43,13.4,-1.5299999999999998,12.5,0.9000000000000004,False,-33.31959206140308,5.41959206140308,125.29403128250387,0.04325498992991436,False,False,False,False
FSR 1735,,,,339.19,-1.85,3.7,3.7,,,,,,,False,,,,,False,False,False,False
NGC 6235,,,96.8,358.92,13.52,4.2,4.2,,,,,,,False,2.4341353820715863,94.36586461792841,125.29403128250387,0.7531553071762782,False,False,False,False
NGC 6254,-1.57,12.4,88.5,15.14,23.08,4.6,4.6,6.6,-1.57,12.4,-1.5299999999999998,12.5,-0.09999999999999964,False,-32.107677337563345,120.60767733756335,125.29403128250387,0.9625971493057472,False,False,False,False
NGC 6256,,,-95.6,347.79,3.31,3.0,3.0,6.6,,,,,,False,25.941722643855577,-121.54172264385556,125.29403128250387,-0.970051976137731,False,False,False,False
Pal 15,,,82.9,18.88,24.3,38.4,38.4,,,,,,,False,-39.86898475359256,122.76898475359256,125.29403128250387,0.9798470325915365,False,False,False,False
NGC 6266,,,-62.3,353.57,7.32,1.7,1.7,14.3,,,,,,False,13.825795948825155,-76.12579594882516,125.29403128250387,-0.6075771939780774,False,False,False,False
NGC 6273,,,143.8,356.87,9.38,1.7,1.7,,,,,,,False,6.812673590886529,136.98732640911348,125.29403128250387,1.0933268329458123,False,False,False,False
NGC 6284,,,36.7,358.35,9.94,7.5,7.5,6.3,,,,,,False,3.652830660228643,33.04716933977136,125.29403128250387,0.26375693240533543,False,False,False,False
NGC 6287,,,-279.1,0.13,11.02,2.1,2.1,,,,,,,False,-0.15534388869915894,-278.94465611130084,125.29403128250387,-2.2263203861830956,True,True,False,False
NGC 6293,,,-137.4,357.62,7.83,1.9,1.9,7.7,,,,,,False,5.212289025442534,-142.61228902544255,125.29403128250387,-1.1382209317209273,False,False,False,False
NGC 6304,-0.66,13.6,-99.3,355.83,5.38,2.3,2.3,,-0.66,13.6,-0.73,12.7,0.9000000000000004,False,9.028348766255354,-108.32834876625535,125.29403128250387,-0.8645930509012394,False,False,False,False
NGC 6316,,,79.9,357.18,5.76,2.6,2.6,,,,,,,False,6.151419627609577,73.74858037239042,125.29403128250387,0.5886040988345844,False,False,False,False
NGC 6341,-2.1,13.2,-103.5,68.34,34.86,9.6,9.6,6.0,-2.1,13.2,-2.13,13.399999999999999,-0.1999999999999993,False,-117.37704651276297,13.877046512762973,125.29403128250387,0.11075584663306122,False,False,False,False
NGC 6325,,,39.3,0.97,8.0,1.1,1.1,5.9,,,,,,False,-1.954447040003283,41.25444704000328,125.29403128250387,0.32926107187808296,False,False,False,False
NGC 6333,,,239.8,5.54,10.71,1.7,1.7,,,,,,,False,-11.745415045921746,251.54541504592174,125.29403128250387,2.0076408466637603,True,True,False,False
NGC 6342,,,126.3,4.9,9.72,1.7,1.7,5.2,,,,,,False,-10.375252016732961,136.67525201673297,125.29403128250387,1.0908360966418869,False,False,False,False
NGC 6356,,,38.0,6.72,10.22,7.5,7.5,,,,,,,False,-14.269455784664121,52.26945578466412,125.29403128250387,0.41717434780920054,False,False,False,False
NGC 6355,,,-167.9,359.59,5.43,1.4,1.4,,,,,,,False,1.0006500102935503,-168.90065001029356,125.29403128250387,-1.3480342860823806,False,False,False,False
NGC 6352,-0.7,12.7,-134.1,341.42,-7.17,3.3,3.3,,-0.7,12.7,-0.73,12.7,0.0,False,38.92033904383946,-173.02033904383944,125.29403128250387,-1.380914455962597,False,False,False,False
IC 1257,,,-127.0,16.54,15.15,17.9,17.9,,,,,,,False,-35.02808009770431,-91.9719199022957,125.29403128250387,-0.7340486929894059,False,False,False,False
Terzan 2,,,116.9,356.32,2.3,0.8,0.8,,,,,,,False,7.984973073674254,108.91502692632575,125.29403128250387,0.8692754619791271,False,False,False,False
NGC 6366,-0.73,13.3,-108.6,18.41,16.04,5.0,5.0,1.3,-0.73,13.3,-0.73,12.7,0.6000000000000014,False,-38.90102004529305,-69.69897995470694,125.29403128250387,-0.5562833220487156,False,False,False,False
Terzan 4,,,-42.3,356.02,1.31,1.0,1.0,,,,,,,False,8.62389570103395,-50.92389570103395,125.29403128250387,-0.4064351284716385,False,False,False,False
HP 1,,,54.0,357.44,2.12,0.5,0.5,,,,,,,False,5.596557698055488,48.40344230194451,125.29403128250387,0.38631881987105954,False,False,False,False
NGC 6362,-0.99,13.6,-15.6,325.55,-17.57,5.1,5.1,2.8,-0.99,13.6,-0.9299999999999999,13.1,0.5,False,68.54443105191484,-84.14443105191484,125.29403128250387,-0.6715757342198695,False,False,False,False
Liller 1,,,59.2,354.84,-0.16,0.8,0.8,,,,,,,False,11.133091710533703,48.0669082894663,125.29403128250387,0.38363286580737854,False,False,False,False
NGC 6380,,,2.1,350.18,-3.42,3.3,3.3,,,,,,,False,20.96353048087068,-18.86353048087068,125.29403128250387,-0.15055410291922497,False,False,False,False
Terzan 1,,,122.0,357.57,1.0,1.3,1.3,,,,,,,False,5.319041004338963,116.68095899566103,125.29403128250387,0.9312571221575375,False,False,False,False
Ton 2,,,-178.6,350.8,-3.42,1.4,1.4,,,,,,,False,19.664269337688253,-198.26426933768823,125.29403128250387,-1.5823919727720819,True,False,False,False
NGC 6388,-0.45,11.7,84.2,345.56,-6.74,3.1,3.1,18.9,-0.45,11.7,-0.53,11.45,0.25,False,30.537626038523726,53.66237396147628,125.29403128250387,0.4282915427988925,False,False,False,False
NGC 6402,,,-52.1,21.32,14.81,4.0,4.0,,,,,,,False,-44.855444563955665,-7.244555436044337,125.29403128250387,-0.05782043535425754,False,False,False,False
NGC 6401,,,-55.3,3.45,3.98,2.7,2.7,,,,,,,False,-7.2689528281684295,-48.03104717183157,125.29403128250387,-0.3833466501172323,False,False,False,False
NGC 6397,-1.99,13.4,20.3,338.17,-11.96,6.0,6.0,4.5,-1.99,13.4,-1.93,13.1,0.3000000000000007,False,45.341024002221936,-25.041024002221935,125.29403128250387,-0.1998580758069892,False,False,False,False
Pal 6,,,190.2,2.1,1.78,2.2,2.2,,,,,,,False,-4.375771461193122,194.5757714611931,125.29403128250387,1.552953237033916,True,False,False,False
NGC 6426,,,-146.9,28.09,16.23,14.4,14.4,,,,,,,False,-58.28878935501589,-88.61121064498411,125.29403128250387,-0.7072261123531894,False,False,False,False
Djorg 1,,,-355.0,356.69,-2.47,5.7,5.7,,,,,,,False,7.196464514333664,-362.1964645143337,125.29403128250387,-2.890771897167866,True,True,False,False
Terzan 5,,,-83.5,3.84,1.69,1.2,1.2,,,,,,,False,-8.10463981225445,-75.39536018774555,125.29403128250387,-0.6017474209745042,False,False,False,False
NGC 6440,,,-65.9,7.73,3.8,1.3,1.3,,,,,,,False,-16.426920699106056,-49.47307930089395,125.29403128250387,-0.3948558346673805,False,False,False,False
NGC 6441,-0.44,11.2,22.9,353.53,-5.01,3.9,3.9,18.0,-0.44,11.2,-0.53,11.45,-0.25,False,13.910458920556886,8.989541079443113,125.29403128250387,0.07174756041789532,False,False,False,False
Terzan 6,,,133.9,358.57,-2.16,1.3,1.3,,,,,,,False,3.182556761685534,130.71744323831447,125.29403128250387,1.0432854773710831,False,False,False,False
NGC 6453,,,-76.7,355.72,-3.87,3.7,3.7,,,,,,,False,9.262433505427824,-85.96243350542782,125.29403128250387,-0.6860856229584151,False,False,False,False
UKS 1,,,66.7,5.13,0.76,0.7,0.7,,,,,,,False,-10.867734547882835,77.56773454788284,125.29403128250387,0.6190856320441055,False,False,False,False
NGC 6496,-0.7,12.4,-108.4,348.03,-10.01,4.2,4.2,,-0.7,12.4,-0.73,12.7,-0.29999999999999893,False,25.444141544556928,-133.84414154455692,125.29403128250387,-1.068240363683206,False,False,False,False
Terzan 9,,,68.1,3.61,-1.99,1.1,1.1,,,,,,,False,-7.611811375986783,75.71181137598678,125.29403128250387,0.6042730894760445,False,False,False,False
Djorg 2,,,,2.77,-2.5,1.8,1.8,,,,,,,False,,,,,False,False,False,False
NGC 6517,,,-26.5,19.23,6.76,4.2,4.2,,,,,,,False,-40.58830697032852,14.088306970328517,125.29403128250387,0.11244196412328077,False,False,False,False
Terzan 10,,,,4.49,-1.99,2.3,2.3,,,,,,,False,,,,,False,False,False,False
NGC 6522,,,-12.9,1.02,-3.93,0.6,0.6,6.7,,,,,,False,-2.061563776234045,-10.838436223765955,125.29403128250387,-0.08650401070844498,False,False,False,False
NGC 6535,-1.51,10.5,-200.4,27.18,10.44,3.9,3.9,2.4,-1.51,10.5,-1.5299999999999998,12.5,-2.0,True,-56.52199500246542,-143.8780049975346,125.29403128250387,-1.1483228971468635,False,False,False,False
NGC 6528,,,214.9,1.14,-4.17,0.6,0.6,,,,,,,False,-2.318654200468868,217.21865420046888,125.29403128250387,1.7336712050608385,True,False,False,False
NGC 6539,,,44.4,20.8,6.78,3.0,3.0,,,,,,,False,-43.798448628564444,88.19844862856445,125.29403128250387,0.703931765350426,False,False,False,False
NGC 6540,,,-8.8,3.29,-3.31,2.8,2.8,,,,,,,False,-6.926079805658343,-1.8739201943416575,125.29403128250387,-0.014956180874382424,False,False,False,False
NGC 6544,,,-17.7,5.84,-2.2,5.1,5.1,,,,,,,False,-12.387417393735443,-5.312582606264556,125.29403128250387,-0.04240092326733531,False,False,False,False
NGC 6541,-1.53,12.9,-154.2,349.29,-11.19,2.1,2.1,8.2,-1.53,12.9,-1.5299999999999998,12.5,0.40000000000000036,False,22.82316151418901,-177.02316151418898,125.29403128250387,-1.4128618873715544,False,False,False,False
2MS-GC01,,,,10.48,0.11,4.5,4.5,,,,,,,False,,,,,False,False,False,False
ESO-SC06,,,,346.9,-12.57,14.0,14.0,,,,,,,False,,,,,False,False,False,False
NGC 6553,,,6.1,5.26,-3.03,2.2,2.2,,,,,,,False,-11.146055865087408,17.246055865087406,125.29403128250387,0.13764467220471385,False,False,False,False
2MS-GC02,,,-227.4,9.79,-0.61,3.2,3.2,,,,,,,False,-20.81596684102152,-206.58403315897849,125.29403128250387,-1.64879388941671,True,False,False,False
NGC 6558,,,-189.4,0.2,-6.02,1.0,1.0,3.1,,,,,,False,-0.30523132335946634,-189.09476867664054,125.29403128250387,-1.5092081142339766,True,False,False,False
IC 1276,,,169.2,21.83,5.67,3.7,3.7,,,,,,,False,-45.88895849870898,215.08895849870896,125.29403128250387,1.7166736220158965,True,False,False,False
Terzan 12,,,104.2,8.37,-2.1,3.4,3.4,,,,,,,False,-17.792298065727067,121.99229806572707,125.29403128250387,0.973648120481236,False,False,False,False
NGC 6569,,,-20.3,0.48,-6.68,3.1,3.1,,,,,,,False,-0.9048550613552688,-19.395144938644734,125.29403128250387,-0.15479703813595055,False,False,False,False
BH 261,,,,3.36,-5.27,1.7,1.7,,,,,,,False,,,,,False,False,False,False
GLIMPSE02,,,,14.14,-0.64,3.0,3.0,,,,,,,False,,,,,False,False,False,False
NGC 6584,-1.3,11.3,224.9,342.14,-16.41,7.0,7.0,,-1.3,11.3,-1.33,11.6,-0.29999999999999893,False,37.47788014949774,187.42211985050227,125.29403128250387,1.495858325668495,False,False,False,False
NGC 6624,-0.7,12.5,62.1,2.79,-7.91,1.2,1.2,5.4,-0.7,12.5,-0.73,12.7,-0.1999999999999993,False,-5.854537757355765,67.95453775735577,125.29403128250387,0.5423605343508887,False,False,False,False
NGC 6626,,,26.6,7.8,-5.58,2.7,2.7,8.6,,,,,,False,-16.576328851892896,43.1763288518929,125.29403128250387,0.34460004526905236,False,False,False,False
NGC 6638,,,27.5,7.9,-7.15,2.2,2.2,,,,,,,False,-16.789740109745225,44.289740109745225,125.29403128250387,0.3534864323256065,False,False,False,False
NGC 6637,-0.78,13.1,47.5,1.72,-10.27,1.7,1.7,,-0.78,13.1,-0.73,12.7,0.40000000000000036,False,-3.561428935380537,51.06142893538053,125.29403128250387,0.40753281231929506,False,False,False,False
NGC 6642,,,-47.3,9.81,-6.44,1.7,1.7,,,,,,,False,-20.858490515040856,-26.44150948495914,125.29403128250387,-0.21103566717668099,False,False,False,False
NGC 6652,-0.97,12.0,-104.3,1.53,-11.38,2.7,2.7,,-0.97,12.0,-0.9299999999999999,13.1,-1.0999999999999996,False,-3.1542859720687133,-101.14571402793129,125.29403128250387,-0.8072668186393914,False,False,False,False
NGC 6656,-1.49,12.7,-136.6,9.89,-7.55,4.9,4.9,7.8,-1.49,12.7,-1.5299999999999998,12.5,0.1999999999999993,False,-21.028566339196345,-115.57143366080365,125.29403128250387,-0.9224017495312413,False,False,False,False
Pal 8,,,-32.3,14.11,-6.79,5.5,5.5,,,,,,,False,-29.948820916992837,-2.3511790830071604,125.29403128250387,-0.018765292001068214,False,False,False,False
NGC 6681,-1.35,12.8,227.8,2.85,-12.51,2.2,2.2,5.2,-1.35,12.8,-1.33,11.6,1.200000000000001,False,-5.983126187954642,233.78312618795465,125.29403128250387,1.8658760021922949,True,False,False,False
GLIMPSE01,,,,31.31,-0.1,4.9,4.9,,,,,,,False,,,,,False,False,False,False
NGC 6712,,,-94.7,25.35,-4.32,3.5,3.5,4.3,,,,,,False,-52.93041740603854,-41.76958259396146,125.29403128250387,-0.33337248523660673,False,False,False,False
NGC 6715,-1.25,10.8,149.2,5.61,-14.09,18.9,18.9,10.5,-1.25,10.8,-1.33,11.6,-0.7999999999999989,False,-11.895231769663006,161.095231769663,125.29403128250387,1.2857374778407216,False,False,False,False
NGC 6717,-1.09,13.2,32.7,12.88,-10.9,2.4,2.4,,-1.09,13.2,-1.13,11.05,2.1499999999999986,False,-27.36044043697239,60.06044043697239,125.29403128250387,0.47935595831817784,False,False,False,False
NGC 6723,-0.96,13.1,-88.3,0.07,-17.3,2.6,2.6,,-0.96,13.1,-0.9299999999999999,13.1,0.0,False,-0.026875182118376806,-88.27312481788162,125.29403128250387,-0.7045277729060357,False,False,False,False
NGC 6749,,,-47.2,36.2,-2.21,5.0,5.0,,,,,,,False,-73.39470103709915,26.19470103709915,125.29403128250387,0.20906583313643445,False,False,False,False
NGC 6752,-1.55,13.8,-27.3,336.49,-25.63,5.2,5.2,4.9,-1.55,13.8,-1.5299999999999998,12.5,1.3000000000000007,False,48.59730018013873,-75.89730018013873,125.29403128250387,-0.6057535175718867,False,False,False,False
NGC 6760,,,-13.2,36.11,-3.92,4.8,4.8,,,,,,,False,-73.23398984343888,60.033989843438874,125.29403128250387,0.47914485014915514,False,False,False,False
NGC 6779,-2.0,13.7,-119.1,62.66,8.34,9.2,9.2,4.0,-2.0,13.7,-1.93,13.1,0.5999999999999996,False,-111.8369516295328,-7.263048370467189,125.29403128250387,-0.0579680316462242,False,False,False,False
Terzan 7,-0.12,7.4,172.5,3.39,-20.07,15.6,15.6,,-0.12,7.4,-0.13,7.4,0.0,False,-7.140376997370419,179.64037699737042,125.29403128250387,1.433750476048858,False,False,False,False
Pal 10,,,-15.6,52.43,2.72,6.4,6.4,,,,,,,False,-99.26609528532423,83.66609528532423,125.29403128250387,0.6677580282869182,False,False,False,False
Arp 2,,,122.4,8.55,-20.79,21.4,21.4,,,,,,,False,-18.176039501580288,140.57603950158028,125.29403128250387,1.1219691637554519,False,False,False,False
NGC 6809,-1.93,13.8,181.8,8.79,-23.27,3.9,3.9,4.0,-1.93,13.8,-1.93,13.1,0.7000000000000011,False,-18.687498144623106,200.48749814462312,125.29403128250387,1.60013606468275,True,False,False,False
Terzan 8,,,136.2,5.76,-24.56,19.4,19.4,,,,,,,False,-12.21623473747266,148.41623473747265,125.29403128250387,1.184543535061415,False,False,False,False
Pal 11,,,-56.0,31.81,-15.57,8.2,8.2,,,,,,,False,-65.36786745021574,9.36786745021574,125.29403128250387,0.07476706874482915,False,False,False,False
NGC 6838,-0.82,12.7,-7.5,56.75,-4.56,6.7,6.7,2.3,-0.82,12.7,-0.73,12.7,0.0,False,-104.96403486349763,97.46403486349763,125.29403128250387,0.7778825045842991,False,False,False,False
NGC 6864,,,-180.8,20.3,-25.75,14.7,14.7,10.3,,,,,,False,-42.779123649113835,-138.02087635088617,125.29403128250387,-1.101575828777404,False,False,False,False
NGC 6934,-1.32,11.1,-398.5,52.1,-18.89,12.8,12.8,5.1,-1.32,11.1,-1.33,11.6,-0.5,False,-98.80848102519849,-299.6915189748015,125.29403128250387,-2.39190579078008,True,True,False,False
NGC 6981,-1.21,10.9,-336.2,35.16,-32.68,12.9,12.9,,-1.21,10.9,-1.13,11.05,-0.15000000000000036,False,-71.52746539205668,-264.6725346079433,125.29403128250387,-2.1124113567004557,True,True,False,False
NGC 7006,,,-371.3,63.77,-19.41,38.5,38.5,,,,,,,False,-113.00362161213235,-258.29637838786766,125.29403128250387,-2.0615218118848757,True,True,False,False
NGC 7078,-2.33,13.6,-96.0,65.01,-27.31,10.4,10.4,13.5,-2.33,13.6,-2.3305,13.6,0.0,False,-114.25915866732055,18.25915866732055,125.29403128250387,0.14573047479134202,False,False,False,False
NGC 7089,-1.31,11.8,3.8,53.37,-35.77,10.4,10.4,8.2,-1.31,11.8,-1.33,11.6,0.20000000000000107,False,-100.55248679059116,104.35248679059116,125.29403128250387,0.8328607972977161,False,False,False,False
NGC 7099,-2.33,14.6,-179.6,27.18,-46.84,7.1,7.1,5.5,-2.33,14.6,-2.3305,13.6,1.0,False,-56.52199500246542,-123.07800499753458,125.29403128250387,-0.9823133930460521,False,False,False,False
Pal 12,,,32.5,30.51,-47.68,15.8,15.8,,,,,,,False,-62.92121020996391,95.4212102099639,125.29403128250387,0.761578259021893,False,False,False,False
Pal 13,,,30.9,87.1,-42.7,26.9,26.9,0.9,,,,,,False,-127.64473642886233,158.54473642886234,125.29403128250387,1.265381397709099,False,False,False,False
NGC 7492,,,-176.2,53.39,-63.48,25.3,25.3,1.2,,,,,,False,-100.57957982422381,-75.62042017577618,125.29403128250387,-0.6035436756382493,False,False,False,False
